Workbook

Sheet Staff Recruitment 2025
A1: IIMA — Staff Recruitment Register 2025
A2: Human Resources Department | Confidential
A4: Total Applications: | D4: =COUNTA(A7:A56) -> 50 | E4: Shortlisted: | H4: =COUNTIF(K7:K56,"Shortlisted") -> 18 | I4: Selected: | K4: =COUNTIF(K7:K56,"Selected") -> 16
A6: App. ID | B6: Full Name | C6: Date of Birth | D6: Gender | E6: Department | F6: Position Applied | G6: Qualification | H6: Experience (Yrs) | I6: Application Date | J6: Interview Date | K6: Status | L6: Remarks
A7: IIMA-2025-101 | B7: Farhan Agarwal | C7: 1988-04-08 | D7: Female | E7: Finance | F7: Accounts Officer | G7: MCA | H7: 13 | I7: 2025-01-01 | J7: 2025-04-07 | K7: Selected | L7: Offer letter issued
A8: IIMA-2025-102 | B8: Suresh Joshi | C8: 2000-12-18 | D8: Female | E8: Library | F8: Digital Resources Manager | G8: MCA | H8: 8 | I8: 2025-01-25 | J8: 2025-04-23 | K8: Rejected | L8: Failed aptitude test
A9: IIMA-2025-103 | B9: Mohammed Ghosh | C9: 1986-06-04 | D9: Male | E9: Facilities Management | F9: Facilities Supervisor | G9: BCA | H9: 11 | I9: 2025-03-26 | J9: 2025-04-24 | K9: On Hold | L9: Position on freeze
A10: IIMA-2025-104 | B10: Rahul Chandra | C10: 1997-05-27 | D10: Male | E10: Human Resources | F10: Recruitment Executive | G10: B.Lib | H10: 2 | I10: 2025-01-22 | J10: 2025-04-25 | K10: Selected | L10: Offer letter issued
A11: IIMA-2025-105 | B11: Lakshmi Das | C11: 1992-05-15 | D11: Male | E11: IT & Systems | F11: Network Engineer | G11: BCA | H11: 6 | I11: 2025-03-23 | J11: 2025-06-21 | K11: Shortlisted | L11: Strong technical skills
A12: IIMA-2025-106 | B12: Sneha Kapoor | C12: 1985-08-13 | D12: Male | E12: Student Affairs | F12: Placement Officer | G12: MA | H12: 10 | I12: 2025-01-08 | J12: 2025-04-26 | K12: Under Review | L12: Awaiting HOD approval
A13: IIMA-2025-107 | B13: Mohammed Chandra | C13: 1986-10-23 | D13: Male | E13: Library | F13: Digital Resources Manager | G13: MBA | H13: 14 | I13: 2025-02-09 | J13: 2025-04-08 | K13: Selected | L13: Awaiting documents
A14: IIMA-2025-108 | B14: Uma Pandey | C14: 1991-04-05 | D14: Male | E14: Research Support | F14: Research Associate | G14: PGDM | H14: 1 | I14: 2025-01-05 | J14: 2025-06-06 | K14: Rejected | L14: Does not meet criteria
A15: IIMA-2025-109 | B15: Rahul Pandey | C15: 1999-08-17 | D15: Male | E15: Student Affairs | F15: Student Counsellor | G15: MA | H15: 3 | I15: 2025-03-25 | J15: 2025-06-11 | K15: Shortlisted | L15: Recommended by panel
A16: IIMA-2025-110 | B16: Riya Iyer | C16: 1994-01-24 | D16: Male | E16: Student Affairs | F16: Placement Officer | G16: M.Sc | H16: 3 | I16: 2025-03-27 | J16: 2025-06-17 | K16: Selected | L16: Joining confirmed
A17: IIMA-2025-111 | B17: Priya Iyer | C17: 1997-09-01 | D17: Male | E17: Human Resources | F17: Training Coordinator | G17: B.Com | H17: 3 | I17: 2025-03-27 | J17: 2025-05-08 | K17: Shortlisted | L17: Strong technical skills
A18: IIMA-2025-112 | B18: Tanya Chandra | C18: 1982-12-16 | D18: Male | E18: Student Affairs | F18: Placement Officer | G18: B.Tech | H18: 15 | I18: 2025-02-09 | J18: 2025-06-28 | K18: Rejected | L18: Below experience threshold
... A56: IIMA-2025-150 | B56: Suresh Mishra | C56: 1991-12-15 | D56: Male | E56: Academic Affairs | F56: Examination Officer | G56: BA | H56: 3 | I56: 2025-02-11 | J56: 2025-04-24 | K56: Shortlisted | L56: Strong technical skills

Sheet Department Summary
A1: Recruitment Summary by Department
A3: Department | B3: Total Applied | C3: Shortlisted | D3: Selected
A4: Administration | B4: =COUNTIF('Staff Recruitment 2025'!E7:E56,A4) -> 9 | C4: =COUNTIFS('Staff Recruitment 2025'!E7:E56,A4,'Staff Recruitment 2025'!K7:K56,"Shortlisted") -> 4 | D4: =COUNTIFS('Staff Recruitment 2025'!E7:E56,A4,'Staff Recruitment 2025'!K7:K56,"Selected") -> 2
A5: Finance | B5: =COUNTIF('Staff Recruitment 2025'!E7:E56,A5) -> 3 | C5: =COUNTIFS('Staff Recruitment 2025'!E7:E56,A5,'Staff Recruitment 2025'!K7:K56,"Shortlisted") -> 0 | D5: =COUNTIFS('Staff Recruitment 2025'!E7:E56,A5,'Staff Recruitment 2025'!K7:K56,"Selected") -> 3
A6: IT & Systems | B6: =COUNTIF('Staff Recruitment 2025'!E7:E56,A6) -> 1 | C6: =COUNTIFS('Staff Recruitment 2025'!E7:E56,A6,'Staff Recruitment 2025'!K7:K56,"Shortlisted") -> 1 | D6: =COUNTIFS('Staff Recruitment 2025'!E7:E56,A6,'Staff Recruitment 2025'!K7:K56,"Selected") -> 0
A7: Library | B7: =COUNTIF('Staff Recruitment 2025'!E7:E56,A7) -> 7 | C7: =COUNTIFS('Staff Recruitment 2025'!E7:E56,A7,'Staff Recruitment 2025'!K7:K56,"Shortlisted") -> 1 | D7: =COUNTIFS('Staff Recruitment 2025'!E7:E56,A7,'Staff Recruitment 2025'!K7:K56,"Selected") -> 2
A8: Academic Affairs | B8: =COUNTIF('Staff Recruitment 2025'!E7:E56,A8) -> 3 | C8: =COUNTIFS('Staff Recruitment 2025'!E7:E56,A8,'Staff Recruitment 2025'!K7:K56,"Shortlisted") -> 3 | D8: =COUNTIFS('Staff Recruitment 2025'!E7:E56,A8,'Staff Recruitment 2025'!K7:K56,"Selected") -> 0
A9: Human Resources | B9: =COUNTIF('Staff Recruitment 2025'!E7:E56,A9) -> 6 | C9: =COUNTIFS('Staff Recruitment 2025'!E7:E56,A9,'Staff Recruitment 2025'!K7:K56,"Shortlisted") -> 3 | D9: =COUNTIFS('Staff Recruitment 2025'!E7:E56,A9,'Staff Recruitment 2025'!K7:K56,"Selected") -> 3
A10: Facilities Management | B10: =COUNTIF('Staff Recruitment 2025'!E7:E56,A10) -> 4 | C10: =COUNTIFS('Staff Recruitment 2025'!E7:E56,A10,'Staff Recruitment 2025'!K7:K56,"Shortlisted") -> 0 | D10: =COUNTIFS('Staff Recruitment 2025'!E7:E56,A10,'Staff Recruitment 2025'!K7:K56,"Selected") -> 0
A11: Research Support | B11: =COUNTIF('Staff Recruitment 2025'!E7:E56,A11) -> 5 | C11: =COUNTIFS('Staff Recruitment 2025'!E7:E56,A11,'Staff Recruitment 2025'!K7:K56,"Shortlisted") -> 1 | D11: =COUNTIFS('Staff Recruitment 2025'!E7:E56,A11,'Staff Recruitment 2025'!K7:K56,"Selected") -> 3
A12: Student Affairs | B12: =COUNTIF('Staff Recruitment 2025'!E7:E56,A12) -> 7 | C12: =COUNTIFS('Staff Recruitment 2025'!E7:E56,A12,'Staff Recruitment 2025'!K7:K56,"Shortlisted") -> 2 | D12: =COUNTIFS('Staff Recruitment 2025'!E7:E56,A12,'Staff Recruitment 2025'!K7:K56,"Selected") -> 3
A13: Communications | B13: =COUNTIF('Staff Recruitment 2025'!E7:E56,A13) -> 5 | C13: =COUNTIFS('Staff Recruitment 2025'!E7:E56,A13,'Staff Recruitment 2025'!K7:K56,"Shortlisted") -> 3 | D13: =COUNTIFS('Staff Recruitment 2025'!E7:E56,A13,'Staff Recruitment 2025'!K7:K56,"Selected") -> 0
A14: TOTAL | B14: =SUM(B4:B13) -> 50 | C14: =SUM(C4:C13) -> 18 | D14: =SUM(D4:D13) -> 16
